,year,player_api_id,player_name,birthday,height,weight,overall_rating,crossing,finishing,heading_accuracy,short_passing,dribbling,volleys,free_kick_accuracy,long_passing,ball_control,acceleration,sprint_speed,balance,jumping,stamina,aggression,interceptions,positioning,marking,penalties,gk_reflexes
35,2007,50047,Alexis Sanchez,19-Dec-88,170.18,137,73,77,72,79,71,81,70,67,78,57,74,78,75,59,75,54,65,73,21,48,21
84,2008,50047,Alexis Sanchez,19-Dec-88,170.18,137,76,70,73,50,75,84,70,68,68,84,89,84,75,59,69,52,66,68,21,70,21
128,2009,50047,Alexis Sanchez,19-Dec-88,170.18,137,76.5,71.5,71,53,72,84.5,70,69,69,81,91,86,75,59,70.5,71.5,74,73,47.5,77,21
175,2010,50047,Alexis Sanchez,19-Dec-88,170.18,137,78,75.5,67.5,56,72.5,86.5,70,69,66.5,81.5,91,85,75,59,76,72,62.5,73.5,50,75,17
223,2011,50047,Alexis Sanchez,19-Dec-88,170.18,137,84,76,74,63,79,89.5,74,69.5,71.5,85.5,92.5,86.5,83.5,66,79,74,42,81,30,74.5,13
272,2012,50047,Alexis Sanchez,19-Dec-88,170.18,137,85,75.5,78.5,65,79.5,89,75.5,70,73,85,92.5,86.5,88.5,66,77,74,42,83.5,30,74.5,13
321,2013,50047,Alexis Sanchez,19-Dec-88,170.18,137,83.33333333,74.5,76.66666667,60.66666667,77.5,85.16666667,76,70,71,83.5,90.16666667,85.5,86,66,76,70.66666667,42,82.83333333,30,73.33333333,13
371,2014,50047,Alexis Sanchez,19-Dec-88,170.18,137,82.66666667,75,79.66666667,59.33333333,77,86,76.5,70.33333333,70.5,84.33333333,89.33333333,85.83333333,86,67,76,69.5,42,81.66666667,30,73,13
421,2015,50047,Alexis Sanchez,19-Dec-88,170.18,137,85.125,75.875,84.75,60,79.5,88,78,76.25,73,86.75,89.625,85,86.75,75,86,76.5,42,83.5,30,74.5,13
462,2016,50047,Alexis Sanchez,19-Dec-88,170.18,137,86,77,84.25,65,79,88,78,77.25,73,85,88.75,84.5,87,85,85,80,42,85,30,77,13
16,2007,30955,Andres Iniesta,11-May-84,170.18,150,83.5,76,69,66,89,84,74,78.5,88.5,84.5,87,85.5,86,56,77.5,71,86,85,65.5,81,16.5
65,2008,30955,Andres Iniesta,11-May-84,170.18,150,86,81,72,64,94,88,74,76,90,91,83,82,86,56,82,66,88,86,64,81,21
109,2009,30955,Andres Iniesta,11-May-84,170.18,150,86,85,72.5,53.5,94,89,74,76,90,93,84,82,86,56,84.5,58.5,88,90.5,60.5,85.5,21
156,2010,30955,Andres Iniesta,11-May-84,170.18,150,87,86,72.5,54,94.5,90.5,74,76,90,94.5,85,82,86,56,80.5,58,76.5,90,57,82,14
204,2011,30955,Andres Iniesta,11-May-84,170.18,150,89,85,74.5,54,95,91,74,65,90,94.5,83.5,77,86,55,78,58,65,89,57,65,7
253,2012,30955,Andres Iniesta,11-May-84,170.18,150,90.5,85,73,54,95,90,74,65,89,94,77.5,73.5,86,54,78,58,68,89,57,65,7
302,2013,30955,Andres Iniesta,11-May-84,170.18,150,89.75,85,73,54,95,91,74,65,89,94,78.25,73.5,86,54,78,58,68.25,89,57,65,7
352,2014,30955,Andres Iniesta,11-May-84,170.18,150,89,85,73,54,93.5,91.75,74,68.75,89,94,76,75,86,54,78,58,68,87.5,57,69.5,7
402,2015,30955,Andres Iniesta,11-May-84,170.18,150,88,79,73,54,92,90,74,70,86,92,76,75,86.5,54,64,58,68,85,57,71,7
34,2007,46509,Angel Di Maria,14-Feb-88,180.34,165,72,76,69,68,64,74,76,71,68,69,73,73,76,60,73,69,68,68,58,62,21
83,2008,46509,Angel Di Maria,14-Feb-88,180.34,165,77,74,66,59,73,82,76,71,77,79,83,84,76,60,73,55,68,68,61,62,21
127,2009,46509,Angel Di Maria,14-Feb-88,180.34,165,77.5,71.5,72,59,74,82.5,76,71,75,80.5,86.5,84.5,76,60,71.5,61,64.5,67,29,68,21
174,2010,46509,Angel Di Maria,14-Feb-88,180.34,165,81,76,74.5,58,75.5,87,76,71,79.5,86,87.5,86,76,60,72,62.5,57.5,78.5,27,76.5,16
222,2011,46509,Angel Di Maria,14-Feb-88,180.34,165,83,80,74,57,76,88,79,71,75,85,89,88.5,76.5,82.5,81.5,62,49,82,42,73,11
271,2012,46509,Angel Di Maria,14-Feb-88,180.34,165,85.5,88.5,74,57,81,88,79,70.5,77,85,90,87,79,72,77,71,53,81.5,42,73,11
320,2013,46509,Angel Di Maria,14-Feb-88,180.34,165,86,89.66666667,74,53,81,86,77,70,82,85,89.66666667,88.66666667,80.33333333,72,77.66666667,76,53,81.33333333,42,73,11
370,2014,46509,Angel Di Maria,14-Feb-88,180.34,165,86,89.8,74.4,53,81.4,86.8,77,70.8,81.6,85.4,90,90,79,72,79,76,59.4,82.8,41,73,11
420,2015,46509,Angel Di Maria,14-Feb-88,180.34,165,85.5,90.66666667,75,53,81.5,87.5,77,72,81,86,89,89,79,72,78.5,76,50.33333333,84,37,73,11
461,2016,46509,Angel Di Maria,14-Feb-88,180.34,165,86,90,75,53,81,87,77,72,81,86,88,88,79,72,78,76,38,83,37,73,11
10,2007,30834,Arjen Robben,23-Jan-84,180.34,176,87,86,75,43,83,91,84,83.5,73,87.5,92.5,89,79,56,79,44,72,74,18.5,84,17.5
59,2008,30834,Arjen Robben,23-Jan-84,180.34,176,84,85,74,52,87,88,84,78,78,88,89,87,79,56,73,34,72,81,22,79,22
103,2009,30834,Arjen Robben,23-Jan-84,180.34,176,85.5,85,75,52,84,92,84,78,76,88,91,91,79,56,71,41,67.5,85,22,82,22
150,2010,30834,Arjen Robben,23-Jan-84,180.34,176,86.5,87,83,52.5,83,93,84,85,74,90,93,91,79,56,71,48,52,85,20.5,84,18.5
198,2011,30834,Arjen Robben,23-Jan-84,180.34,176,88.5,86,84,55,85.5,93.5,84,84.5,74,90,92.5,92,85,58.5,71,43,38,85,24,83,15
247,2012,30834,Arjen Robben,23-Jan-84,180.34,176,88.5,84.5,84.5,55.5,85,93.5,84,84,72.5,90,93,93.5,91,61,69.5,38,38,86,29,83,15
296,2013,30834,Arjen Robben,23-Jan-84,180.34,176,87.4,80,83.6,53.2,84,93,84,84,73,89.6,93,91.4,91,61,67,38,38,87,29,81.8,15
346,2014,30834,Arjen Robben,23-Jan-84,180.34,176,88.8,80,83.8,50,84.8,93,84.8,83.6,74.2,89.8,93,91.8,91,61,71.4,41.6,38.4,87.8,29,79.4,15
396,2015,30834,Arjen Robben,23-Jan-84,180.34,176,90,80,85,51.33333333,85.33333333,93,86,83,74.66666667,90.66666667,92.33333333,92.33333333,91,61,76.66666667,47,39,89,29,80,15
445,2016,30834,Arjen Robben,23-Jan-84,180.34,176,89,80,85,51,85,93,86,83,73,90,90,90,91,61,73,47,39,88,29,80,15
12,2007,30872,Bastian Schweinsteiger,1-Aug-84,182.88,174,81.5,82,76.5,53,83.5,85,85,74.5,80,78,68,75,80,63,78,69,65,77,31,71,15
61,2008,30872,Bastian Schweinsteiger,1-Aug-84,182.88,174,80,82,78,55,87,82,85,78,79,85,61,69,80,63,82,69,69,78,21,71,23
105,2009,30872,Bastian Schweinsteiger,1-Aug-84,182.88,174,81,82,81,57,87,83.5,85,78,80,85,64,69,80,63,82,74,69,79,21,71,23
152,2010,30872,Bastian Schweinsteiger,1-Aug-84,182.88,174,83,82.5,80,63,89,85,85,74.5,84,86,66.5,70.5,80,63,85.5,76.5,77.5,82.5,45,76.5,17
200,2011,30872,Bastian Schweinsteiger,1-Aug-84,182.88,174,86,82.5,76.5,67.5,90,83.5,85,71,87.5,87,65.5,66.5,77.5,65,87.5,79,85,84,69,82,11
249,2012,30872,Bastian Schweinsteiger,1-Aug-84,182.88,174,86.5,82,75,70,89,82,85,72,86,85.5,63,62,75,67.5,82.5,80,85,82,69,82,11
298,2013,30872,Bastian Schweinsteiger,1-Aug-84,182.88,174,87.5,81,74,75.25,89,81.5,84,77,86,86,60.25,64.75,76,69,83,79,86,81.5,68,81,11
348,2014,30872,Bastian Schweinsteiger,1-Aug-84,182.88,174,88,81,74.66666667,78,88.66666667,81.66666667,83.66666667,78,87,86,58.66666667,64,75.66666667,76.33333333,86,79.33333333,86,82,68.33333333,81,11
398,2015,30872,Bastian Schweinsteiger,1-Aug-84,182.88,174,87.33333333,80.33333333,76,79,87.66666667,80.33333333,82.66666667,78,87,85,55.66666667,60.33333333,70.33333333,82.33333333,82.66666667,80,86,81.33333333,68.66666667,81.66666667,11
447,2016,30872,Bastian Schweinsteiger,1-Aug-84,182.88,174,85.5,79,74.5,79,87,78,82,78,87,82.5,51,53,61,83,75,80,86,80,68,83,11
30,2007,38817,Carlos Tevez,5-Feb-84,172.72,157,87.5,74.5,85.5,49.5,85,87,88,87.5,68.5,88,88.5,86,91,72,84,80,72,83,47.5,85,15.5
79,2008,38817,Carlos Tevez,5-Feb-84,172.72,157,85,79,92,65,86,86,88,87,66,91,86,84,91,72,90,90,74,90,34,89,23
123,2009,38817,Carlos Tevez,5-Feb-84,172.72,157,85,74,89,70,83,83,88,82,64,84,86,84,91,72,91,92,74,88,25,87,23
170,2010,38817,Carlos Tevez,5-Feb-84,172.72,157,86,75,91,70,83,83,88,82,64,85.5,85.5,83.5,91,72,90.5,92,67.5,89,44,84.5,16
218,2011,38817,Carlos Tevez,5-Feb-84,172.72,157,87,76,91,70,83,83,88,82,66.5,86,85,83,84.5,74,90,92,58,90,49,80,9
267,2012,38817,Carlos Tevez,5-Feb-84,172.72,157,86,76,87,67,83,83,87,82,69,85,84,82,86,73,90,92,58,89,49,80,9
316,2013,38817,Carlos Tevez,5-Feb-84,172.72,157,86,75.11111111,86.66666667,67,83.55555556,84.33333333,87,82,68.44444444,86.77777778,85.22222222,81,86.11111111,72.55555556,89.44444444,90.33333333,48,88,38.55555556,84,9
366,2014,38817,Carlos Tevez,5-Feb-84,172.72,157,85.58333333,74.75,86.91666667,62.91666667,82.83333333,86.58333333,86.58333333,80.16666667,65.33333333,88.58333333,87,85,89.16666667,72.66666667,88.33333333,88.08333333,37.91666667,87.83333333,34,83.58333333,6.25
416,2015,38817,Carlos Tevez,5-Feb-84,172.72,157,85.25,73,87.25,60,81.25,86.25,86.25,79,63.25,89.25,87.75,85,91,74,89.5,86.75,34,90.25,36,82.75,4
459,2016,38817,Carlos Tevez,5-Feb-84,172.72,157,85.25,73,88,58.5,79.75,86.25,87,82,61,88.5,90,86,91,77,91,86,34,90.25,39,82,4
8,2007,30613,Cesc Fabregas,4-May-87,175.26,163,85.5,74,71.5,69,94,82.5,81,76,86,85.5,74.5,81,73,65,86.5,66.5,88,89,66,88,15
57,2008,30613,Cesc Fabregas,4-May-87,175.26,163,88,84.5,73.5,64,96,82,81,77.5,93.5,93,75.5,75,73,65,92.5,68,89.5,92,60.5,94,21
101,2009,30613,Cesc Fabregas,4-May-87,175.26,163,87,87,76,63,96,82,81,80,95,93,75,73,73,65,91,69,90,92,57,94,21
148,2010,30613,Cesc Fabregas,4-May-87,175.26,163,87,85.5,83,63,93.5,85.5,81,82,93,92,73.5,76.5,73,65,86,70,76.5,90.5,57.5,87.5,18
196,2011,30613,Cesc Fabregas,4-May-87,175.26,163,87,83,80.5,62,93,84,81,83,92.5,91,73,72,75.5,67,83.5,58,63,88.5,62,83.5,15
245,2012,30613,Cesc Fabregas,4-May-87,175.26,163,88,83,79,70.5,92,83,81,82,92,91,70,69,78,69,78,45,62.5,88.5,62,86,15
294,2013,30613,Cesc Fabregas,4-May-87,175.26,163,86.2,83,78,74,92,82,81,81,92,89.8,67.2,68.2,77.2,68.2,75,45,60.6,86.6,62,86,15
344,2014,30613,Cesc Fabregas,4-May-87,175.26,163,84.6,83,78,74,91.2,81,81,81,91.2,87.4,67,68,77,68,75.8,45,61,86.2,62,86,15
394,2015,30613,Cesc Fabregas,4-May-87,175.26,163,85.66666667,84,78,74,92.33333333,81,81,81,91.33333333,87,66.33333333,66,77,68,82.33333333,45,61,83.83333333,62,82,15
443,2016,30613,Cesc Fabregas,4-May-87,175.26,163,86.33333333,86,76.66666667,74,92,81,81,81,91,87,65,62,77,68,81,45,56.33333333,80,62,80,15
13,2007,30893,Cristiano Ronaldo,5-Feb-85,185.42,176,89,84,78,79,81.5,96,85,76,70.5,93.5,93,93.5,84,91,86.5,60.5,69,74,21,71.5,13
62,2008,30893,Cristiano Ronaldo,5-Feb-85,185.42,176,91,89,92,82,84,97,85,94,72,96,95,94,84,91,90,57,68,73,27,78,21
106,2009,30893,Cristiano Ronaldo,5-Feb-85,185.42,176,89.5,87.5,90.5,85,84,95,85,90.5,71,95,93.5,93,84,91,85.5,54,71.5,77,22,82,21
153,2010,30893,Cristiano Ronaldo,5-Feb-85,185.42,176,89,84,89.5,87,82,93,85,88,71,95,93,94,84,91,83.5,57.5,47.5,84.5,22,84,16
201,2011,30893,Cristiano Ronaldo,5-Feb-85,185.42,176,90.5,84,90,87,83,93,85,87,72,95,91.5,94,78.5,92.5,86,63,24,88,22,85.5,11
250,2012,30893,Cristiano Ronaldo,5-Feb-85,185.42,176,92,84,90.5,87,82.5,92,85,83,72,95,90,94,75,94,87,63,24,88,22,88,11
299,2013,30893,Cristiano Ronaldo,5-Feb-85,185.42,176,92,83.4,92,86.4,82.4,90,85,78.6,72,95,91,94,75,94,89,63,24,89,22,85,11
349,2014,30893,Cristiano Ronaldo,5-Feb-85,185.42,176,92,83,93.5,86,82,91.5,86,79,72,93.5,91,94,69,94,89,63,24,90,22,85,11
399,2015,30893,Cristiano Ronaldo,5-Feb-85,185.42,176,92.6,82.4,95,86,81.4,93,87,77.8,72,91.4,91,93.4,62.4,94,88.4,62.4,27,92.2,22,85,11
48,2007,182917,David De Gea,7-Nov-90,193.04,181,62,23,23,23,23,23,8,19,53,23,51,55,42,64,23,28,16,17,23,23,59
139,2009,182917,David De Gea,7-Nov-90,193.04,181,62,23,23,23,23,23,8,19,53,23,51,55,42,64,23,28,16,17,23,23,59
187,2010,182917,David De Gea,7-Nov-90,193.04,181,74.5,15,18,16,17,15.5,8,19,33.5,20.5,51,55,42,64,31.5,28,19.5,17.5,16,22,76
235,2011,182917,David De Gea,7-Nov-90,193.04,181,80,17,13,14,26,13,13,19,35.5,22,51,55,52.5,68,40,38,23,18,13,21,83
284,2012,182917,David De Gea,7-Nov-90,193.04,181,79,17,13,14,31,13,13,19,32,22,51,55,43,67,35,38,23,18,13,21,85.5
334,2013,182917,David De Gea,7-Nov-90,193.04,181,81.16666667,19.66666667,17,16.33333333,31,17,17,21,32,25,51,55,43,67,28.33333333,38,25.33333333,20.33333333,17,40,88
384,2014,182917,David De Gea,7-Nov-90,193.04,181,83,25,25,21,31,25,25,25,32,31,51,55,43,67,25,38,30,25,25,40,88
434,2015,182917,David De Gea,7-Nov-90,193.04,181,85.5,23,22,21,31,22,22,23.5,32,31,51,55,43,67,25,38,30,21.75,22,40,88.75
473,2016,182917,David De Gea,7-Nov-90,193.04,181,86.33333333,17,13,21,31,13,13,19,32,31,51,55,43,67,25,38,30,12,13,40,89
28,2007,37459,David Silva,8-Jan-86,170.18,148,81,81,75,66,80.5,79.5,81,76,77.5,80.5,79,81.5,80,60,78.5,61,85,85,63.5,80.5,14
77,2008,37459,David Silva,8-Jan-86,170.18,148,85,87,90,60,90,85,81,77,62,91,86,86,80,60,83,62,85,85,23,72,22
121,2009,37459,David Silva,8-Jan-86,170.18,148,86,87,87,60,90,88,81,77,62,91,86,84,80,60,83,62,85,85,23,72,22
168,2010,37459,David Silva,8-Jan-86,170.18,148,85.5,85.5,83,59,90,88.5,81,77,67.5,91,86.5,83.5,80,60,76.5,59.5,63,84,23,78,17.5
216,2011,37459,David Silva,8-Jan-86,170.18,148,86,82.5,79,58,89.5,87.5,81,77,73,90,85,79,83,63,69.5,54,41,83,23,77,13
265,2012,37459,David Silva,8-Jan-86,170.18,148,88,81,78.5,58,90,86,81,77,85,90,83,76.5,87,66,68.5,51,41,84,23,77,13
314,2013,37459,David Silva,8-Jan-86,170.18,148,87.875,81,76.75,58,89.625,86.875,80.625,77,85,91,83,74,88,66,68,51,41,84,23,77,13
364,2014,37459,David Silva,8-Jan-86,170.18,148,87,81.66666667,76,58,89,87,80,77,85,91,83,72,88,66,68,51,41,84,23,77,9
414,2015,37459,David Silva,8-Jan-86,170.18,148,87.33333333,81,72.66666667,56.66666667,89.33333333,87,80,77,85,91,81.33333333,70,88,66,68,51,41,82.33333333,23,77,1
458,2016,37459,David Silva,8-Jan-86,170.18,148,86,85,72,54,92,87,80,77,85,91,79,68,88,66,68,51,41,83,23,77,1
0,2007,19243,Diego Costa,7-Oct-88,187.96,187,74,39,75,55,49,69,73,68,46,75,79,78,81,65,71,57,69,57,20,55,20
50,2008,19243,Diego Costa,7-Oct-88,187.96,187,72,39,73.5,55,52,69,73,68,46,75,79,78,81,65,73,57,69,57,20,55,20
93,2009,19243,Diego Costa,7-Oct-88,187.96,187,72,40.5,73,61,55.5,74.5,73,68.5,46.5,76.5,79.5,80.5,81,65,75.5,57.5,54.5,57.5,20,55.5,20
140,2010,19243,Diego Costa,7-Oct-88,187.96,187,75,64.5,78.5,69,56,82,73,69,47,81,79.5,84,81,65,71,53,45.5,70.5,19,62,15.5
188,2011,19243,Diego Costa,7-Oct-88,187.96,187,75.5,59,78.5,69,61,78,74,69,47,81,75.5,83,74,63,66,80.5,36,74.5,18,68,11
237,2012,19243,Diego Costa,7-Oct-88,187.96,187,76.5,59,78,72,59.5,74,71.5,64,45.5,81,70.5,77.5,62,55.5,66,85,38,80,23,68,11
286,2013,19243,Diego Costa,7-Oct-88,187.96,187,81.3,62.4,81,81,59.9,79.4,78.9,59,47.6,82.4,74.3,84,62,60,71.6,89,40,83,28,79,11
336,2014,19243,Diego Costa,7-Oct-88,187.96,187,83.83333333,63,88.33333333,81.83333333,64.33333333,81.5,81.33333333,59,48,82.5,77,85,62,60,77.66666667,89,40,87,28,78.5,11
386,2015,19243,Diego Costa,7-Oct-88,187.96,187,85.42857143,63,90,82.28571429,65.28571429,82,81,59,48.85714286,82,77.85714286,83.28571429,57.71428571,60.42857143,85,89.85714286,40,89,28,76,11
436,2016,19243,Diego Costa,7-Oct-88,187.96,187,85,63,89,82,65,82,81,59,48,82,75,78,52,60,85,90,40,88,28,76,11
36,2007,56678,Diego Godin,16-Feb-86,185.42,161,68,55,41,66,64,54,51,38,59,60,66,68,80,83,74,72,61,68,71,60,21
85,2008,56678,Diego Godin,16-Feb-86,185.42,161,73,55,42,76,70,54,51,51,61,60,70,72,80,83,77,72,61,72,75,60,21
129,2009,56678,Diego Godin,16-Feb-86,185.42,161,77,55,42,76,70,59,51,51,61,60,72.5,75,80,83,80,79.5,71.5,75,81.5,62,21
176,2010,56678,Diego Godin,16-Feb-86,185.42,161,81,55,42,85,70,54,51,51,61,62,74,76,80,83,79,80,84,48,83,50,15
224,2011,56678,Diego Godin,16-Feb-86,185.42,161,80,55,42,83,71.5,56.5,51,51,64.5,66.5,69,72,69,82,78,80,82.5,48,82,50,15
273,2012,56678,Diego Godin,16-Feb-86,185.42,161,79,55,42,83,73,53,51,51,68,64,64,68,58,81,71,80,78,48,81,50,15
322,2013,56678,Diego Godin,16-Feb-86,185.42,161,82.6,55,42,85.4,73,53,47,51,69,66,64,68,58,81,76,83.8,86.6,48,84.8,50,15
372,2014,56678,Diego Godin,16-Feb-86,185.42,161,83,55,42,85.75,73,53,47,51,69,66.5,65.25,69.25,58,82.25,74.5,83.75,85.75,48,84.75,50,15
422,2015,56678,Diego Godin,16-Feb-86,185.42,161,85,55,42,92,76,53,47,51,69,72.5,68,70,58,86.5,73,84,86,48,86,50,15
463,2016,56678,Diego Godin,16-Feb-86,185.42,161,86,55,42,92,77,53,47,51,69,73,68,69,58,88,73,84,86,48,86,50,15
41,2007,107417,Eden Hazard,7-Jan-91,172.72,163,51,56,45,38,51,64,67,32,42,65,63,59,76,67,46,54,23,52,49,24,21
89,2008,107417,Eden Hazard,7-Jan-91,172.72,163,51,56,45,38,51,64,67,32,42,65,63,59,76,67,46,54,23,52,49,24,21
133,2009,107417,Eden Hazard,7-Jan-91,172.72,163,71.5,62,59.5,53.5,76.5,79,67,64,63.5,81,78,73.5,76,67,64,54,63,67.5,35,73,21
180,2010,107417,Eden Hazard,7-Jan-91,172.72,163,80,67.5,75,64,80,84,67,64,67,86,87,86,76,67,74,54,52.5,77,35,74,14.5
228,2011,107417,Eden Hazard,7-Jan-91,172.72,163,83.5,75,76,64,83,89,76,77,70,89,90,86.5,81,63,75,54,44.5,81.5,30,78.5,8
277,2012,107417,Eden Hazard,7-Jan-91,172.72,163,86,79,77.5,64,84,90,79,79,79,88,91,89,90,59,72,54,41,83,25,83.5,8
327,2013,107417,Eden Hazard,7-Jan-91,172.72,163,85,80,78,64,85,88,79,79,82,87.2,91,85.8,90,59,72,54,41,83,25,85,8
377,2014,107417,Eden Hazard,7-Jan-91,172.72,163,87.5,80.625,82.125,57.875,85.875,90.375,79,79,82,88.75,91.5,86.5,90,59,73,54,41,83.75,25,85.25,8
427,2015,107417,Eden Hazard,7-Jan-91,172.72,163,88.4,78.8,83,57,85.4,93.4,79,79,82,89.6,93,87,90,59,74,54,41,84.8,25,86,8
467,2016,107417,Eden Hazard,7-Jan-91,172.72,163,88,80,81,57,85,94,79,79,82,90,93,87,90,59,74,54,41,84,25,86,8
15,2007,30924,Franck Ribery,7-Apr-83,170.18,159,86.5,83.5,71.5,61.5,86,92,85,73.5,79,88,90.5,87,83,58,84.5,67,82,85,23,76,15.5
64,2008,30924,Franck Ribery,7-Apr-83,170.18,159,88,87,72,53,88,94,85,85,73,92,94,93,83,58,86,66,88,86,20,84,20
108,2009,30924,Franck Ribery,7-Apr-83,170.18,159,88,87,81,53,90,94,85,85,73,92,94,93,83,58,82,66,88,86,20,84,20
155,2010,30924,Franck Ribery,7-Apr-83,170.18,159,86.5,86,81,53,87.5,93.5,85,85,72.5,92,92,90.5,83,58,78,64,59.5,84.5,16.5,86.5,15
203,2011,30924,Franck Ribery,7-Apr-83,170.18,159,87,86,78.5,52,87,93,83.5,85,72.5,92,91.5,90,87.5,57,73.5,62,36,84,13,88,10
252,2012,30924,Franck Ribery,7-Apr-83,170.18,159,89.5,86,77,51,88,93.5,82,85,74,92,93,91.5,92,54.5,73,62,36,84,13,83.5,10
301,2013,30924,Franck Ribery,7-Apr-83,170.18,159,90,86,78.14285714,48.14285714,87.57142857,93.57142857,80.42857143,81.14285714,72.57142857,92,93.14285714,90.71428571,92,53,72,59.14285714,36,84,18.14285714,80,10
351,2014,30924,Franck Ribery,7-Apr-83,170.18,159,89.25,84.5,79,41,89,92.5,81,81,73.5,91.75,91.75,88.75,92,52.5,72.5,52,36,83.5,25,80,10
401,2015,30924,Franck Ribery,7-Apr-83,170.18,159,87.5,82.5,78.5,41,88,91.5,80.5,81,73.5,91,89.5,86.5,91.5,50.5,68,52,36,83,19,80,10
449,2016,30924,Franck Ribery,7-Apr-83,170.18,159,86,82,77,41,87,90,80,81,73,90,86,85,91,50,64,52,36,82,13,80,10
20,2007,31921,Gareth Bale,16-Jul-89,182.88,163,71,77.5,52,70,71,68.5,76,79,73.5,72.5,77.5,77.5,75,68,74,68,72,74,71,72,18
69,2008,31921,Gareth Bale,16-Jul-89,182.88,163,77,83,59,79,73,78,76,88,78,77,81,84,75,68,80,70,73,76,75,75,23
113,2009,31921,Gareth Bale,16-Jul-89,182.88,163,73,76,53,68,73,70,76,84,70,77,80,83,75,68,77,70,73,70,71,75,23
160,2010,31921,Gareth Bale,16-Jul-89,182.88,163,81,85,68,71,79,82,76,84,79,82,86,83,75,68,86,77,70,71,82,67,6
208,2011,31921,Gareth Bale,16-Jul-89,182.88,163,85,86,80,71,81,87,76,84,79,84,90,90.5,70,68,88.5,77,70.5,78,75,67,6
257,2012,31921,Gareth Bale,16-Jul-89,182.88,163,85,84,80,71.5,81,88,76,84,79,84,90,93.5,65,68,90,77,70,78,71,67,6
306,2013,31921,Gareth Bale,16-Jul-89,182.88,163,86,84,83.33333333,74,83,86,76,84.83333333,79,84,91.83333333,94,65,68,90,77,67,83,68,76,6
356,2014,31921,Gareth Bale,16-Jul-89,182.88,163,87,84,83.25,74,83.25,86.25,76,85,80.75,85,92.25,94.25,65,67.75,90,77,65,83,66,76,6
406,2015,31921,Gareth Bale,16-Jul-89,182.88,163,87,84,81,74,84,87,76,85,80,85,93,95,65,67,89.875,77,59,83,60,76,6
451,2016,31921,Gareth Bale,16-Jul-89,182.88,163,87,84,81,76,84,87,76,85,80,85,93,95,65,67,90,77,59,83,60,76,6
29,2007,37482,Gerard Pique,2-Feb-87,193.04,187,75,65,42,77,68,47,57,56,59.5,73,72,75,79,81,72.5,75,63,68,75,69,19
78,2008,37482,Gerard Pique,2-Feb-87,193.04,187,77,59,38,85,69,40,57,43,67,68,70,75,79,81,76,74,69,72,76,69,25
122,2009,37482,Gerard Pique,2-Feb-87,193.04,187,80,59,45.5,85,74,47.5,57,43,72.5,72,71.5,74.5,79,81,77,75.5,75.5,79,81,72,25
169,2010,37482,Gerard Pique,2-Feb-87,193.04,187,84.5,54.5,53,85,84,59.5,57,43,83,75,70,73,79,81,79,71.5,85.5,68,87,71.5,16.5
217,2011,37482,Gerard Pique,2-Feb-87,193.04,187,86.5,50,55.5,85,85,64,57,43,84,76,67,70,61.5,77.5,74.5,69,89,45,89,69,8
266,2012,37482,Gerard Pique,2-Feb-87,193.04,187,87,50,58,84,85,64,57,43,84,76,61.5,63,44,74,70.5,69,89,50,89,69,8
315,2013,37482,Gerard Pique,2-Feb-87,193.04,187,86,50,58,83,85,64,57,43,84,76,60,63,44,74,70,69,89,50,89,69,8
365,2014,37482,Gerard Pique,2-Feb-87,193.04,187,84,50,58,82,84,50,57,43,84,76,60,71,44,74,69,68,88,50,86,69,8
415,2015,37482,Gerard Pique,2-Feb-87,193.04,187,84.66666667,54.66666667,62,82,83.33333333,56,57,43,81.33333333,76,58,69.33333333,44,74,69,68,88,55.33333333,86,69,8
33,2007,41884,Giorgio Chiellini,14-Aug-84,187.96,190,75,74,22,85,73,68,46,68,68,67,81,87,86,85,81,71,78,70,74,69,15
82,2008,41884,Giorgio Chiellini,14-Aug-84,187.96,190,85,71,40,84,79,59,46,56,72,63,83,82,86,85,87,90,85,86,85,88,23
126,2009,41884,Giorgio Chiellini,14-Aug-84,187.96,190,86,71,40,85.5,77.5,57.5,46,56,73,63,80,81,86,85,87,88.5,84,85.5,86,86.5,23
173,2010,41884,Giorgio Chiellini,14-Aug-84,187.96,190,85.5,69.5,40.5,87,70.5,44.5,46,51,70.5,60,78.5,80.5,86,85,81.5,86,86.5,60,88.5,69.5,16
221,2011,41884,Giorgio Chiellini,14-Aug-84,187.96,190,84.5,68.5,39,82,63,40,50.5,45.5,65.5,55,77.5,82.5,75,89,75,83,87.5,35,88.5,55.5,9
270,2012,41884,Giorgio Chiellini,14-Aug-84,187.96,190,83.5,69,39,78,60,49,56.5,45,64.5,52,77.5,82.5,62.5,91,80.5,78.5,86,35,87,57,9
319,2013,41884,Giorgio Chiellini,14-Aug-84,187.96,190,85.09090909,67.54545455,47.81818182,76,62.63636364,59.63636364,46.09090909,42,68.63636364,54.45454545,72.45454545,79.36363636,55.81818182,91.90909091,71.18181818,84.27272727,88,44.54545455,89.72727273,59.09090909,14
369,2014,41884,Giorgio Chiellini,14-Aug-84,187.96,190,84.33333333,62.16666667,37,77.25,58.91666667,57.75,33.41666667,35.66666667,63.33333333,53.58333333,72,79,60.41666667,90,74.66666667,86.41666667,87.58333333,36.16666667,89.25,53.91666667,6.083333333
419,2015,41884,Giorgio Chiellini,14-Aug-84,187.96,190,85.57142857,56.57142857,32.28571429,82.28571429,53,53.71428571,38.14285714,31,57.85714286,50.57142857,73.57142857,79,65.14285714,89.42857143,71.57142857,86.71428571,87,32.57142857,90.42857143,50,3
460,2016,41884,Giorgio Chiellini,14-Aug-84,187.96,190,86,52,33.5,84,49,51,45,31,49,49,72,79,69,89,69,88,87,32,90,50,3
3,2007,25759,Gonzalo Higuain,10-Dec-87,182.88,181,72,61,75,68,64.5,74.5,84,50.5,51.5,70,74.5,72,73,74,61,36,72,68,28,62,19
52,2008,25759,Gonzalo Higuain,10-Dec-87,182.88,181,77,61,82,70,77,81,84,52,65,75,78,72,73,74,70,36,72,77,28,75,22
96,2009,25759,Gonzalo Higuain,10-Dec-87,182.88,181,82,69,85,70,78,87,84,52,63.5,80.5,90,86,73,74,70,47.5,79,81,25,77.5,22
143,2010,25759,Gonzalo Higuain,10-Dec-87,182.88,181,84.5,72,90,73.5,75.5,85,84,52,68,84,87,87,73,74,72,59,55.5,87,20,78.5,16.5
191,2011,25759,Gonzalo Higuain,10-Dec-87,182.88,181,85,72,91,75,73.5,85,83.5,52,68,84,82,84,66,73,66.5,59,32,89,18,74,11
240,2012,25759,Gonzalo Higuain,10-Dec-87,182.88,181,85,72,90,76,74,84,79,52,68,82,77.5,78.5,59,72,66,59,32,90.5,18,74,11
289,2013,25759,Gonzalo Higuain,10-Dec-87,182.88,181,84,72,90,76,67,77.16666667,80,57,56.5,81.5,77,78.83333333,59,72,66.83333333,54.5,28.5,88,21.5,75.5,11
339,2014,25759,Gonzalo Higuain,10-Dec-87,182.88,181,84,72,89.875,76,68.5,77.5,82.75,62,53,82.75,78.125,81.125,59.125,72.125,68.25,50,25,88.25,25,77,10.875
389,2015,25759,Gonzalo Higuain,10-Dec-87,182.88,181,84,71.2,89,76.8,70.2,81.8,82.6,62,55,84,79,81.2,60,73,69.2,50,20.4,87.8,16.4,74.6,10
439,2016,25759,Gonzalo Higuain,10-Dec-87,182.88,181,85.66666667,68,89.66666667,78,71.83333333,83,83,62,58,86,79,83,60,73,70.5,50,20,89.33333333,12,73.33333333,10
37,2007,73167,Henrik Mkhitaryan,21-Jan-89,177.8,165,81,63,81,62,82,83,84,57,76,83,84,78,79,67,81,58,60,82,48,70,7
323,2013,73167,Henrik Mkhitaryan,21-Jan-89,177.8,165,81.33333333,63,80.83333333,62.66666667,82.83333333,83.5,84.33333333,57,76.66666667,83.16666667,84,79.5,79,67,81,58.66666667,60.66666667,82,47.66666667,70,7
373,2014,73167,Henrik Mkhitaryan,21-Jan-89,177.8,165,81.23076923,64,73.61538462,60.76923077,82.07692308,85.76923077,84.46153846,58.07692308,77.69230769,83,87,83.07692308,82.23076923,75,84.53846154,64.61538462,62.92307692,81.46153846,48.07692308,70,7
423,2015,73167,Henrik Mkhitaryan,21-Jan-89,177.8,165,80.55555556,69.55555556,65.66666667,56.11111111,76.77777778,86.44444444,84,62.88888889,75.11111111,84.33333333,87.77777778,84,81.44444444,74.22222222,83.88888889,68,65.22222222,81.66666667,49,70.88888889,7
464,2016,73167,Henrik Mkhitaryan,21-Jan-89,177.8,165,83.66666667,76.55555556,71.11111111,53,81.55555556,87,84,64,77,87.44444444,87,84,81.88888889,72,84,69.11111111,68,83.44444444,49,72,7
6,2007,26295,Hugo Lloris,26-Dec-86,187.96,172,72,17.5,16,23,18,16.5,21,42,71,23,37.5,36,22,71,34,33,23,65,17,42,78
55,2008,26295,Hugo Lloris,26-Dec-86,187.96,172,81,22,22,23,22,22,21,22,79,23,22,24,22,71,34,21,23,65,22,22,83
99,2009,26295,Hugo Lloris,26-Dec-86,187.96,172,83,22,22,23,22,22,21,22,79,23,62,68,22,71,34,21,23,65,22,22,85
146,2010,26295,Hugo Lloris,26-Dec-86,187.96,172,84,17.5,16,23,18,16,21,22,55.5,23,62,68,22,71,34,26,25,37.5,17,16.5,87.5
194,2011,26295,Hugo Lloris,26-Dec-86,187.96,172,84.5,13,10,15,14,10,11,15.5,31,23,65,66,39,76.5,34,31,27,10,12,11,87.5
243,2012,26295,Hugo Lloris,26-Dec-86,187.96,172,86,13,10,7,14,10,11,9,31,23,52,52.5,55,74,34,31,27,10,12,11,91
292,2013,26295,Hugo Lloris,26-Dec-86,187.96,172,84.5,19,17.5,17.5,25.375,17.5,18,17.5,31,32.625,64,61.25,54,74,46,31,27,17.5,18.5,40,89
342,2014,26295,Hugo Lloris,26-Dec-86,187.96,172,84.75,25,25,25,27,25,25,25,31,34,65,63,54,74,42.25,31,27,25,25,40,88
392,2015,26295,Hugo Lloris,26-Dec-86,187.96,172,85,13,10,10,27,10,11,10,31,34,65,63,54,74,41,31,27,10,12,40,88
441,2016,26295,Hugo Lloris,26-Dec-86,187.96,172,85,13,10,10,27,10,11,10,31,34,65,63,54,74,41,31,27,10,12,40,88
4,2007,25773,Ivan Rakitic,10-Mar-88,182.88,172,67.5,61.5,66.5,52,68.5,68.5,77,59,61,69,72.5,70,70,58,61.5,58,64,66,37.5,60,14
53,2008,25773,Ivan Rakitic,10-Mar-88,182.88,172,77,77,81,44,82,79,77,85,74,84,75,77,70,58,73,56,68,75,23,73,22
97,2009,25773,Ivan Rakitic,10-Mar-88,182.88,172,77,82,81,44,84,79,77,84.5,76,83,63,66,70,58,71.5,56,73,75,23,73,22
144,2010,25773,Ivan Rakitic,10-Mar-88,182.88,172,77,80,77,46.5,83,77.5,77,83,77,82.5,67.5,68.5,70,58,76.5,59.5,70.5,75,37.5,75.5,15.5
192,2011,25773,Ivan Rakitic,10-Mar-88,182.88,172,78.5,81,76,49,84.5,78,77,83,84,83,69.5,69.5,68,55,78,63,65,76,52,78,9
241,2012,25773,Ivan Rakitic,10-Mar-88,182.88,172,77,81,74,49,83,77,77,84,89,83,67,68,66,52,70,63,61,72,42,78,9
290,2013,25773,Ivan Rakitic,10-Mar-88,182.88,172,79.42857143,84,76.57142857,49,83.85714286,77.28571429,77,84,89,82.85714286,66.85714286,71.57142857,66,52,77,65.85714286,61,74.71428571,42,78,9
340,2014,25773,Ivan Rakitic,10-Mar-88,182.88,172,82,87.5,80,49,85.25,80,80,84,89.5,85,68,69.5,66,52,78,67,61,78.75,48,78,9
390,2015,25773,Ivan Rakitic,10-Mar-88,182.88,172,84,81,80,49,86,82,80,84,92,87,69,67.33333333,66,52,78.33333333,67,64,80,51,78,9
440,2016,25773,Ivan Rakitic,10-Mar-88,182.88,172,85,81,82,49,86,83,80,84,92,87,69,67,66,52,78,67,69,80,52,78,9
45,2007,164684,James Rodriguez,12-Jul-91,180.34,165,76,75,70,64,76,78,64,65,64,81,75,82,76,69,72,42,41,75,36,79,14
184,2010,164684,James Rodriguez,12-Jul-91,180.34,165,76,75,70,64,76,78,64,65,64,81,75,82,76,69,72,42,41,75,36,79,14
232,2011,164684,James Rodriguez,12-Jul-91,180.34,165,78,79,70,64,77,82,64,73.5,68,82,77,78.5,68.5,63.5,70,42,41,75,36,78,14
281,2012,164684,James Rodriguez,12-Jul-91,180.34,165,82.5,81.5,78,66.5,79.5,85.5,74,77.5,81.5,84.5,79,79,62,59.5,73,73.5,52,80,35.5,81,14
331,2013,164684,James Rodriguez,12-Jul-91,180.34,165,82.16666667,81,78,68,83,86,77,83,82,85,80.16666667,78,63,55,73,74,58,80,33.33333333,81.16666667,14
381,2014,164684,James Rodriguez,12-Jul-91,180.34,165,85.5,81,79.66666667,68,83,86,80.33333333,83,83.66666667,85,79.33333333,78.83333333,72.16666667,55,73,74,58,80,25,81,14
431,2015,164684,James Rodriguez,12-Jul-91,180.34,165,86.66666667,85.66666667,83.33333333,68,83.66666667,86.66666667,88,85,81.33333333,85,78.33333333,78.33333333,74,55,73.33333333,74,58,82,25,81,14
471,2016,164684,James Rodriguez,12-Jul-91,180.34,165,87,88,85,68,84,87,91,86,80,85,78,78,74,55,73,74,58,83,25,81,14
22,2007,36183,Jerome Boateng,3-Sep-88,193.04,198,65,35,21,63,57,42,66,24,43,62,67,61,73,81,55,61,41,42,68,52,21
71,2008,36183,Jerome Boateng,3-Sep-88,193.04,198,73,67,23,72,69,63,66,24,58,69,76,75,73,81,69,74,61,71,76,69,21
115,2009,36183,Jerome Boateng,3-Sep-88,193.04,198,75,69.5,23,73.5,71,63,66,24,67.5,70,77.5,78,73,81,71.5,70,64,71.5,78.5,73.5,21
162,2010,36183,Jerome Boateng,3-Sep-88,193.04,198,77,69,32,75,73,63,66,24,77,72,75,79.5,73,81,73.5,69,72.5,56,80.5,64,13
210,2011,36183,Jerome Boateng,3-Sep-88,193.04,198,77.5,70,37,76,73.5,62,53,24,77,71,70,74.5,60.5,78.5,73,72.5,78.5,40,79,53,5
259,2012,36183,Jerome Boateng,3-Sep-88,193.04,198,79,68,35.5,82.5,74,65,57,24,72,73,67.5,76.5,50,76.5,73,79,75,43,76.5,56,5
308,2013,36183,Jerome Boateng,3-Sep-88,193.04,198,80.875,68,34,80.25,74.625,65,57,24,72,73.625,68,79,50,75.875,68,82.5,77.375,43,77.125,46,5
358,2014,36183,Jerome Boateng,3-Sep-88,193.04,198,84.33333333,68,34,81.5,75.83333333,66.66666667,57.83333333,25,73.33333333,75.33333333,70,82,52.16666667,77.66666667,70.5,83.5,81.5,45,81.83333333,46,5
408,2015,36183,Jerome Boateng,3-Sep-88,193.04,198,86.71428571,68.57142857,34,85.57142857,76.14285714,67,55.85714286,28.14285714,75.28571429,74.71428571,74,84.14285714,53.42857143,77.14285714,73.85714286,81.71428571,83.57142857,47,83.57142857,46,5
452,2016,36183,Jerome Boateng,3-Sep-88,193.04,198,87,69,34,87,75,67,53,31,81,73,74,83,54,76,75,82,84,47,84,46,5
5,2007,26166,Karim Benzema,19-Dec-87,187.96,174,78,66.5,81.5,78.5,71,76.5,77,72,47,75.5,79.5,79,75,74,70.5,63.5,68,77,19.5,71,14
54,2008,26166,Karim Benzema,19-Dec-87,187.96,174,85,78,90,81,81,88,77,73,47,89,90,85,75,74,72,66,74,81,40,80,21
98,2009,26166,Karim Benzema,19-Dec-87,187.96,174,85,78,90,81,85,88,77,73,47,89,90,85,75,74,72,66,74,81,32,80,21
145,2010,26166,Karim Benzema,19-Dec-87,187.96,174,83.5,78,85.5,79.5,81,87,77,73,47,89,90,87,75,74,65.5,56,48,79,18,81,14
193,2011,26166,Karim Benzema,19-Dec-87,187.96,174,83.5,76.5,85,78,79.5,85,77,73,47,87,89,85,73,69.5,65,56,22,80,13,82,7
242,2012,26166,Karim Benzema,19-Dec-87,187.96,174,86.5,75,90,78,82,83,78,73,47,87,86.5,85.5,71,68,74,64,22,86,13,82,7
291,2013,26166,Karim Benzema,19-Dec-87,187.96,174,85.5,73.5,88,78,84,82.5,77,73,47,86,83.5,84.5,71,71,72,63,22,87,16,82,7
341,2014,26166,Karim Benzema,19-Dec-87,187.96,174,85,75,88,78,84,82,77,73,47,85,83,84,71,71,74,65,22,87,25,82,7
391,2015,26166,Karim Benzema,19-Dec-87,187.96,174,85.8,75,88,78,85.6,82,77,73,47,86,82.2,84,62.2,70.2,75,65,22,87,15.4,82,7
46,2007,169200,Kevin de Bruyne,28-Jun-91,180.34,168,62,59,66,52,57,64,61,58,52,62,64,69,59,61,62,35,62,57,23,59,23
137,2009,169200,Kevin de Bruyne,28-Jun-91,180.34,168,62,59,66,52,57,64,61,58,52,62,64,69,59,61,62,35,62,57,23,59,23
185,2010,169200,Kevin de Bruyne,28-Jun-91,180.34,168,66,64,67,57,64.5,67.5,61,64.5,65,68,66.5,69,59,61,64.5,45,54.5,62,21,61,18
233,2011,169200,Kevin de Bruyne,28-Jun-91,180.34,168,73,73,69.5,31,77,73.5,67.5,73.5,80.5,76,64.5,75,66,62.5,68,35,46,69.5,19,63,13
282,2012,169200,Kevin de Bruyne,28-Jun-91,180.34,168,77,75.5,72,31,78.5,76,74,75,82,79,67,77.5,69,64.5,71,37,54.5,71,28,65,13
332,2013,169200,Kevin de Bruyne,28-Jun-91,180.34,168,78.84615385,77.76923077,76.38461538,32.23076923,80.30769231,80.15384615,78,76,80.76923077,80.53846154,71.84615385,81.61538462,71.61538462,65,84.53846154,39.46153846,59.07692308,76.84615385,37,71.92307692,13
382,2014,169200,Kevin de Bruyne,28-Jun-91,180.34,168,81.33333333,78.33333333,78,41,82.66666667,82.33333333,78.66666667,76,81.5,82.66666667,75.66666667,80,78,65,84,42,52,82,37,75,13
432,2015,169200,Kevin de Bruyne,28-Jun-91,180.34,168,84.11111111,81.11111111,80.88888889,46.33333333,85.77777778,84.22222222,80.55555556,77,81.22222222,84.44444444,76.66666667,78,78.55555556,65,83.66666667,50.88888889,52,82.77777778,36.22222222,75.22222222,13
472,2016,169200,Kevin de Bruyne,28-Jun-91,180.34,168,86,90,82,53,88,85,82,77,82,86,76,78,75,65,85,68,52,83,30,77,13
18,2007,30981,Lionel Messi,24-Jun-87,170.18,159,85.5,84,78,61,88,95,88,78.5,79,93,93.5,94.5,86,64,73.5,64.5,75,89,20,87,18
67,2008,30981,Lionel Messi,24-Jun-87,170.18,159,90,81,87,64,90,97,88,70,79,95,96,95,86,64,78,48,75,85,20,89,20
111,2009,30981,Lionel Messi,24-Jun-87,170.18,159,90,81.5,88.5,64,88.5,97,88,75,77,95.5,96,93,86,64,78,48,75,85,20,91,20
158,2010,30981,Lionel Messi,24-Jun-87,170.18,159,90,83.5,90.5,67.5,89,97,88,78,75,96,95,90.5,86,64,76.5,48,48.5,87.5,16.5,88.5,14
206,2011,30981,Lionel Messi,24-Jun-87,170.18,159,92,85,92,69,89,96.5,89.5,82,76,96.5,94.5,90,90.5,68.5,80,48,22,91,13,86,8
255,2012,30981,Lionel Messi,24-Jun-87,170.18,159,94,85,94,73,89,97,89.5,82,75,96.5,95,92,95,73,80,48,22,92,13,77,8
304,2013,30981,Lionel Messi,24-Jun-87,170.18,159,94,84,97,71.6,89,97,89.4,86,76,96,95.4,89.8,95,73,79.2,48,22,93,17.8,77.2,8
354,2014,30981,Lionel Messi,24-Jun-87,170.18,159,93.33333333,84,95,71,89,96.33333333,86.66666667,88.66666667,76,96,96,89.33333333,95,73,77.33333333,48,22,92.33333333,25,76,8
404,2015,30981,Lionel Messi,24-Jun-87,170.18,159,93.42857143,82.28571429,93.57142857,71,88.57142857,96,85,90,77.28571429,96,95.57142857,90,95,70.85714286,76.28571429,48,22,91.14285714,19.85714286,74.57142857,8
32,2007,40636,Luis Suarez,24-Jan-87,182.88,187,66.5,56,71,68.5,39,58.5,86,53,21,57,74.5,65.5,84,71,68.5,52,60,70,28,59,17
81,2008,40636,Luis Suarez,24-Jan-87,182.88,187,74,69,80,63,69,77,86,70,55,80,80,76,84,71,74,60,64,70,28,75,20
125,2009,40636,Luis Suarez,24-Jan-87,182.88,187,80.5,70.5,83.5,68.5,78,86,86,74.5,67.5,83.5,83,79.5,84,71,77,72,64,81.5,28.5,79,20
172,2010,40636,Luis Suarez,24-Jan-87,182.88,187,82.5,79,85.5,71,80,85.5,86,81,67,84,82.5,78.5,84,71,83,76.5,56.5,85,29.5,86,28.5
220,2011,40636,Luis Suarez,24-Jan-87,182.88,187,83.5,80,85,67,81,86.5,82,83,61,84.5,83.5,78,81.5,70,83.5,77.5,41,85,30,86.5,37
269,2012,40636,Luis Suarez,24-Jan-87,182.88,187,86,77,85,68,82,89.5,81,83,61,87.5,85,78,82,69,84,76,41,86,30,85,37
318,2013,40636,Luis Suarez,24-Jan-87,182.88,187,86.07692308,77,84.15384615,72,82,91,81,83.84615385,63.76923077,88,86,78,85,69,85.23076923,77.38461538,41,86,30,85,37
368,2014,40636,Luis Suarez,24-Jan-87,182.88,187,88.33333333,77,88.55555556,74.44444444,82,90.77777778,84.33333333,84,64,88.44444444,87.44444444,78.44444444,76.66666667,69,86,78,41,86.66666667,30,85,37
418,2015,40636,Luis Suarez,24-Jan-87,182.88,187,89.28571429,77,90.71428571,75.57142857,82,89.42857143,85.57142857,84,64,89.57142857,88,78.71428571,60,69,86.28571429,78,41,88.85714286,30,85,37
19,2007,31097,Luka Modric,9-Sep-85,175.26,143,66.5,63,73,58,75.5,73,77,72.5,74,78,70,71,75,66,60,59,65,78,27,61,14.5
68,2008,31097,Luka Modric,9-Sep-85,175.26,143,82,75,79,57,91,86,77,85,85,90,79,82,75,66,79,59,76,79,59,85,20
112,2009,31097,Luka Modric,9-Sep-85,175.26,143,81.5,75,77.5,57,87,86,77,85,85,88,79,82,75,66,85,59,80,83,53.5,85,20
159,2010,31097,Luka Modric,9-Sep-85,175.26,143,82.5,78,78,57,88,86.5,77,83.5,86,88,78,81,75,66,86,64,65.5,83,58,82.5,14.5
207,2011,31097,Luka Modric,9-Sep-85,175.26,143,86,79,77,57,89.5,83.5,80,82,87.5,90.5,79,79,84.5,66.5,87,69,53,86,58,80,9
256,2012,31097,Luka Modric,9-Sep-85,175.26,143,86,78,72.5,57,90,83.5,78,79.5,87.5,90,80.5,77,94,67,84.5,69,56,84,58,80,9
305,2013,31097,Luka Modric,9-Sep-85,175.26,143,84.25,76,70,57,90,82.625,76,79,88,86.625,79,74,94,67,83.75,69,61,80,58,80,9
355,2014,31097,Luka Modric,9-Sep-85,175.26,143,86.5,77,70.5,56,89,84.5,75.5,79,87,91,78.5,74,94,67,86,65.5,72,79.5,63.5,80,9
405,2015,31097,Luka Modric,9-Sep-85,175.26,143,87,78,71,55,86.66666667,86,75,77.66666667,84,92,78,74,94,67,86.33333333,62,73,79,69,80,9
7,2007,27299,Manuel Neuer,27-Mar-86,193.04,203,72,15.5,15,16.5,28,15.5,7,27.5,55.5,24,57,58,67,83,52,26,50,39,18.5,64,77.5
56,2008,27299,Manuel Neuer,27-Mar-86,193.04,203,81,22,22,22,28,22,7,10,65,29,57,58,67,83,52,26,50,39,22,82,88
100,2009,27299,Manuel Neuer,27-Mar-86,193.04,203,82,22,22,22,28,22,7,10,74.5,29,57,58,67,83,52,26,50,39,22,82,88
147,2010,27299,Manuel Neuer,27-Mar-86,193.04,203,84.5,15.5,15,21.5,28,15.5,7,10,59,34,57,58,67,83,55.5,26,36,25.5,18.5,55.5,88
195,2011,27299,Manuel Neuer,27-Mar-86,193.04,203,86,12,13,15,36.5,16.5,9.5,10,33.5,29.5,57,58,51,81.5,46.5,26,22,12,15,32,87
244,2012,27299,Manuel Neuer,27-Mar-86,193.04,203,87,15,13,9,37.5,16,9,7,35.5,31,57,59.5,35,78,39,26,22,12,15,37,89
293,2013,27299,Manuel Neuer,27-Mar-86,193.04,203,86,18.33333333,17,21,42,19,15.66666667,15.66666667,40,31,54.66666667,58.66666667,35,78,42.5,26,22,16.33333333,18.33333333,37,86.66666667
343,2014,27299,Manuel Neuer,27-Mar-86,193.04,203,87.5,25,25,25,42,25,25,25,40.75,31,52,55.75,35,78,37.25,26.75,24,25,25,37,86
393,2015,27299,Manuel Neuer,27-Mar-86,193.04,203,90,21,20.2,25,44.4,21.4,19.4,19.4,43.4,31,58,61,35,78,44,29,30,19.8,19,37,86.2
442,2016,27299,Manuel Neuer,27-Mar-86,193.04,203,90,15,13,25,48,16,11,11,47,31,58,61,35,78,44,29,30,12,10,37,87
43,2007,129944,Marco Reus,31-May-89,180.34,165,44,37,31,39,51,58,74,42,35,56,62,62,69,64,45,24,32,38,22,26,22
91,2008,129944,Marco Reus,31-May-89,180.34,165,44,37,31,39,51,58,74,42,35,56,62,62,69,64,45,24,32,38,22,26,22
135,2009,129944,Marco Reus,31-May-89,180.34,165,66,69,64.5,59.5,66.5,71.5,74,62.5,55,72,77.5,77.5,69,64,60,54.5,62.5,58,22,56.5,22
182,2010,129944,Marco Reus,31-May-89,180.34,165,74.5,73.5,71,61,73,80.5,74,64,65.5,76.5,82,80.5,69,64,76,59.5,55.5,68,25.5,62,16.5
230,2011,129944,Marco Reus,31-May-89,180.34,165,78,73.5,76.5,62,75,86,78,66,66,78.5,82.5,82,78,68.5,81.5,58,38,77,29,67,11
279,2012,129944,Marco Reus,31-May-89,180.34,165,83,75,82,54.5,81,86,84,72,67,80.5,87,91,82,73,79.5,50,35,85,25.5,61.5,11
329,2013,129944,Marco Reus,31-May-89,180.34,165,84.54545455,77.90909091,85.45454545,50.45454545,82.45454545,87,84.54545455,84,73.63636364,82.18181818,88.81818182,92,82,72.36363636,77.27272727,44.54545455,35.63636364,86.45454545,23.36363636,73.27272727,11
379,2014,129944,Marco Reus,31-May-89,180.34,165,85.55555556,80.66666667,85.44444444,49.66666667,84.11111111,88,86.88888889,85.77777778,77,83.44444444,89,92,82,70.88888889,77,44.33333333,36.55555556,87,25,82.33333333,11
429,2015,129944,Marco Reus,31-May-89,180.34,165,86,82.33333333,84,51,86,87.66666667,84.66666667,86.66666667,79.22222222,85,89,91.66666667,82,70,75,47,41.33333333,87,26.66666667,83.55555556,11
469,2016,129944,Marco Reus,31-May-89,180.34,165,86,85,83,51,86.33333333,86.33333333,85.33333333,84,79,85,89,91,82,70,73,47,50,87,30,84,11
24,2007,36388,Mats Hummels,16-Dec-88,190.5,203,61,51,24,65.5,50,42,48,50,43,47.5,57.5,65,82,80,60,42,61,57,60.5,74,13
73,2008,36388,Mats Hummels,16-Dec-88,190.5,203,69,51.5,30,70.5,60.5,49,48,26,51,54.5,62.5,70,82,80,65.5,55,68,65.5,72,73,20
117,2009,36388,Mats Hummels,16-Dec-88,190.5,203,76,56.5,53.5,76,74.5,56.5,48,38.5,65.5,72,71.5,73.5,82,80,73.5,70,77.5,79.5,75.5,69.5,20
164,2010,36388,Mats Hummels,16-Dec-88,190.5,203,78.5,58,62,80.5,75,57.5,48,53,69,72,72,75,82,80,71.5,70.5,79,72,77,70.5,13
212,2011,36388,Mats Hummels,16-Dec-88,190.5,203,82.5,56,59,86,76,58,49.5,59.5,71.5,74,67.5,70.5,70,74,68.5,72.5,84.5,47.5,81.5,68,6
261,2012,36388,Mats Hummels,16-Dec-88,190.5,203,84.5,57,56.5,90,79,61.5,51.5,61,79,75.5,63,66,60,69,67.5,74,87,48,83,74,6
310,2013,36388,Mats Hummels,16-Dec-88,190.5,203,85,58,57,90,80,64.8,50,61,81,76,63,66.4,61,70,68,74.8,88,48,83.6,72,6
360,2014,36388,Mats Hummels,16-Dec-88,190.5,203,85.5,61.5,57,90.5,80,66.33333333,51,61,81.16666667,76.5,63,67.5,60,70,67.5,72.33333333,89,53.5,84,72,6
410,2015,36388,Mats Hummels,16-Dec-88,190.5,203,86,64,55.66666667,90.33333333,78.66666667,68,57,55.66666667,83.33333333,77,62.33333333,66.5,58.33333333,70,67,71,90.66666667,56,85.33333333,69.33333333,6
454,2016,36388,Mats Hummels,16-Dec-88,190.5,203,86,64,55,90,78,68,60,53,82,77,62,66,58,70,67,71,91,56,86,68,6
23,2007,36378,Mesut Oezil,15-Oct-88,182.88,168,70,70,66.5,59,71.5,78.5,77,63.5,61.5,76.5,69.5,70,75,57,56,63.5,62,68,33,61,14
72,2008,36378,Mesut Oezil,15-Oct-88,182.88,168,72.5,75.5,61.5,53,77.5,82.5,77,69,66,82,75.5,75.5,75,57,62.5,61,62,70,22,64,20
116,2009,36378,Mesut Oezil,15-Oct-88,182.88,168,78,72.5,68.5,53,85,85,77,69,73.5,86,82.5,77.5,75,57,67.5,59,63,72.5,22,64,20
163,2010,36378,Mesut Oezil,15-Oct-88,182.88,168,82,76.5,75,55.5,86,87,77,75.5,80,88.5,83.5,81.5,75,57,71.5,57.5,55.5,78.5,22,65.5,17
211,2011,36378,Mesut Oezil,15-Oct-88,182.88,168,85,83,71.5,56,90,87,77,79,83,89,84,80,76,55,63.5,56,40,85,22,67,14
260,2012,36378,Mesut Oezil,15-Oct-88,182.88,168,86.5,86,74,54,88,87,77,79,80,90,80.5,76,74,53,69,56,33,85,22,69,14
309,2013,36378,Mesut Oezil,15-Oct-88,182.88,168,87,84.2,73.4,54,88,87,77,79,80,91,78,76,76.4,53,64.8,56,33,84.4,22,78,14
359,2014,36378,Mesut Oezil,15-Oct-88,182.88,168,86.77777778,83,73.22222222,54,88,87,77,79,80,91,78.22222222,73.88888889,77.77777778,53,64.22222222,56,25,83.77777778,22,76.88888889,14
409,2015,36378,Mesut Oezil,15-Oct-88,182.88,168,86.33333333,81,74,54,87.33333333,86.33333333,77,79,80,90.33333333,77,70,74,52.66666667,64,54,24,81.66666667,22,76,14
453,2016,36378,Mesut Oezil,15-Oct-88,182.88,168,88,80,75,54,89,86,77,79,84,90,77,68,70,52,64,54,24,84,22,76,14
1,2007,19327,Miranda,7-Sep-84,185.42,168,73,37,25,77,49,26,51,41.5,35,54,60,58.5,78,83,71,74,67,69,74,46,14
51,2008,19327,Miranda,7-Sep-84,185.42,168,78,40,28,80,61,29,51,40,38,57,62,71,78,83,74,81,70,72,82,49,22
94,2009,19327,Miranda,7-Sep-84,185.42,168,79,40,28,81,61,29,51,40,38,57,62,71,78,83,74,81,70,72,82,49,22
141,2010,19327,Miranda,7-Sep-84,185.42,168,78,44,38.5,79,70.5,51,51,39.5,67.5,65,77.5,77,78,83,73,75,83,60.5,81.5,60.5,17
189,2011,19327,Miranda,7-Sep-84,185.42,168,76,48,43,77,69,64,51,39,64,68.5,73,74,68,83.5,70,71.5,80.5,43,79,60.5,12
238,2012,19327,Miranda,7-Sep-84,185.42,168,78,48,43,78,66,60,51,39,61,64,72.5,75.5,58,85,69,83.5,77,43,79.5,49,12
287,2013,19327,Miranda,7-Sep-84,185.42,168,80.25,48,43,81,62.5,60,51,39,62,64,73.5,77,58,86,69,88,79,43,83,49,12
337,2014,19327,Miranda,7-Sep-84,185.42,168,83,48,43,86,64,49,51,39,65,64,74,77,58,86,71,88,82,43,86,49,12
387,2015,19327,Miranda,7-Sep-84,185.42,168,84,48,43,86,64,51.33333333,51,39,65,64.66666667,74,77,58,86,69.66666667,88,83,43,86,49,12
437,2016,19327,Miranda,7-Sep-84,185.42,168,85,48,43,85,64,62,51,39,65,66.33333333,74,77,58,86,65,86.33333333,86.66666667,43,89,49,12
2,2007,19533,Neymar,5-Feb-92,175.26,150,73,64,75,62,69,84,79,53,56,80,84,79,77,65,69,40,60,65,21,75,22
95,2009,19533,Neymar,5-Feb-92,175.26,150,73,64,75,62,69,84,79,53,56,80,84,79,77,65,69,40,60,65,21,75,22
142,2010,19533,Neymar,5-Feb-92,175.26,150,77.5,69.5,79,63.5,77,91.5,79,63.5,69.5,85,87.5,84,77,65,67,52,50,73.5,21,79,16.5
190,2011,19533,Neymar,5-Feb-92,175.26,150,82.5,73,83,66,77,91.5,79.5,73,73.5,90,90,85.5,79.5,63,54,56,36,84.5,21,77.5,11
239,2012,19533,Neymar,5-Feb-92,175.26,150,85,71.5,84,65.5,76.5,90,80,74.5,75,92,92.5,88,86,61,78.5,56,36,88.5,21,77,11
288,2013,19533,Neymar,5-Feb-92,175.26,150,83.42857143,70,84,64.14285714,78.28571429,91.28571429,80.85714286,78,75,91.85714286,91.85714286,89.14285714,84,61,86,56,36,88,21,81,11
338,2014,19533,Neymar,5-Feb-92,175.26,150,85.25,70.5,84.5,62,74.5,93,83,78,73,90.5,91,89,84,61,86,56,36,87.25,21,81,11
388,2015,19533,Neymar,5-Feb-92,175.26,150,88.5,71.5,85.5,62,73.5,94,83,78.5,73,91.5,91,90,84,61,79.25,56,36,87,21,81,11
438,2016,19533,Neymar,5-Feb-92,175.26,150,90,72,88.5,62,76.5,94.5,83,79,74,93,91,90,84,61,79,56,36,89,21,81,11
49,2007,248453,Paul Pogba,15-Mar-93,190.5,185,55,36,22,27,56,28,28,37,46,58,66,70,73,66,68,65,54,32,49,38,8
236,2011,248453,Paul Pogba,15-Mar-93,190.5,185,55,36,22,27,56,28,28,37,46,58,66,70,73,66,68,65,54,32,49,38,8
285,2012,248453,Paul Pogba,15-Mar-93,190.5,185,66,54,41,43.5,74,63,45,62.5,65.5,73,71,73,72,66,68,71.5,59,45,56,48,8
335,2013,248453,Paul Pogba,15-Mar-93,190.5,185,79.26666667,70.06666667,66.93333333,80.66666667,84.33333333,80.13333333,74.13333333,72,82.33333333,84.53333333,70.6,75.93333333,65.93333333,78.6,76.86666667,81.66666667,72.93333333,74.4,65.93333333,65.66666667,8
385,2014,248453,Paul Pogba,15-Mar-93,190.5,185,81.71428571,74.35714286,70.42857143,82.14285714,83.14285714,84.92857143,77.14285714,69.71428571,82.21428571,87.35714286,74.28571429,77.07142857,62.14285714,82.85714286,83.92857143,82.78571429,68.07142857,77.78571429,64.14285714,67.64285714,5.357142857
435,2015,248453,Paul Pogba,15-Mar-93,190.5,185,84.83333333,74.5,70,78,85,88,82,72.5,80.5,89.16666667,75,78,60.5,86,87.33333333,80.66666667,70,81,66.5,71.5,3
474,2016,248453,Paul Pogba,15-Mar-93,190.5,185,86,76,70.4,72,85,88,84,80,81,89,75,79,61,85,90,77.6,71,83,70,76,3
11,2007,30859,Petr Cech,20-May-82,195.58,198,89,14.5,14,19.5,25,14.5,17,53,83,24,55.5,56.5,60,79,48,62,77,50,14,82,93
60,2008,30859,Petr Cech,20-May-82,195.58,198,88,20,20,20,25,20,17,19,79,24,33,44,60,79,48,57,77,40,20,27,90
104,2009,30859,Petr Cech,20-May-82,195.58,198,86.5,20,20,20,25,20,17,19,79,24,36,44.5,60,79,48,49,79.5,46,20,54.5,89
151,2010,30859,Petr Cech,20-May-82,195.58,198,84.5,19.5,16,19.5,25,16,17,19,61,24,42,48.5,60,79,47.5,57,50,26.5,15.5,36.5,88
199,2011,30859,Petr Cech,20-May-82,195.58,198,84.5,19,12,19,25,12,17,19,31,24,45,52,55,79,47,37,23,13,11,12,88
248,2012,30859,Petr Cech,20-May-82,195.58,198,84,19,12,19,30,12,17,19,32,31.5,45,52,50,38,47,17,23,13,11,12,86
297,2013,30859,Petr Cech,20-May-82,195.58,198,84.16666667,20,14.16666667,20,35,14.16666667,18.33333333,20,33,37.83333333,45,52,50,38,44.5,18.33333333,23,15,13.33333333,43,85.16666667
347,2014,30859,Petr Cech,20-May-82,195.58,198,85,25,25,25,35,25,25,25,33,32,45,52,50,38,32,25,23,25,25,43,84.66666667
397,2015,30859,Petr Cech,20-May-82,195.58,198,85,19,12,19,35,12,17,19,33,22,45,52,34,51,32,17,23,13,11,23,84
446,2016,30859,Petr Cech,20-May-82,195.58,198,86,19,12,19,35,12,17,19,33,22,45,52,34,51,32,17,23,13,11,23,85
14,2007,30894,Philipp Lahm,11-Nov-83,170.18,146,85.5,87,37,39,85,86.5,66,63.5,66,86,86.5,87,69,67,80,73,72,89,85.5,86,17
63,2008,30894,Philipp Lahm,11-Nov-83,170.18,146,87,88,33,64,88,84,66,41,77,85,87,86,69,67,85,73,86,91,87,86,23
107,2009,30894,Philipp Lahm,11-Nov-83,170.18,146,86,87,33,62,88,83,66,41,77,86,87,83,69,67,85,69,86,91,85,86,23
154,2010,30894,Philipp Lahm,11-Nov-83,170.18,146,86,87,38,64,88,82.5,66,50,77.5,86,86.5,83,69,67,85,69,88.5,85,85.5,74,14
202,2011,30894,Philipp Lahm,11-Nov-83,170.18,146,86,83.5,43,68,86.5,81,66,59,78.5,86,81.5,84,80.5,70,88,64,92,74,85,65.5,5
251,2012,30894,Philipp Lahm,11-Nov-83,170.18,146,87,83,43,66,85,80,66,59,78,85,83,81,92,73,88,51,92,75,83.5,69,5
300,2013,30894,Philipp Lahm,11-Nov-83,170.18,146,87,86,43.4,65,85.8,79.6,66,59,80,85,82.4,78.6,92,73,88,52.2,92,67,84.4,69,5
350,2014,30894,Philipp Lahm,11-Nov-83,170.18,146,87,86.28571429,45.28571429,64.14285714,88.42857143,80,66,59,83.71428571,85.42857143,79.85714286,76.57142857,92,72.57142857,88,56.85714286,92.14285714,66.71428571,86.28571429,70.28571429,5
400,2015,30894,Philipp Lahm,11-Nov-83,170.18,146,87,84,47,63.6,88.8,82,66,59,83,87,77,75,92.4,72,85.2,58,92.4,69,87,71.2,5
448,2016,30894,Philipp Lahm,11-Nov-83,170.18,146,87,84,47,63,86.66666667,82,66,59,79,86.33333333,73.66666667,71,93,72,80.66666667,58,93,69,86.33333333,71,5
39,2007,93447,Robert Lewandowski,21-Aug-88,185.42,174,67,52,71,56,61,69,75,33,39,69,71,72,70,74,64,58,43,67,22,64,22
87,2008,93447,Robert Lewandowski,21-Aug-88,185.42,174,67,52,71,56,61,69,75,33,39,69,71,72,70,74,64,58,43,67,22,64,22
131,2009,93447,Robert Lewandowski,21-Aug-88,185.42,174,71.5,52,77,59,63,72,75,33,39,69,78.5,78,70,74,66.5,59.5,53,68,22,73,22
178,2010,93447,Robert Lewandowski,21-Aug-88,185.42,174,76,52,82,75,68,74,75,33,40,77,81,77,70,74,71,56,35,76,13,71,10
226,2011,93447,Robert Lewandowski,21-Aug-88,185.42,174,76.5,55.5,76.5,76.5,75,75,76.5,33,43,77.5,80,79,73.5,78,73,57.5,35,79,13,70,10
275,2012,93447,Robert Lewandowski,21-Aug-88,185.42,174,81.5,59,82,82.5,77.5,80.5,77.5,33,43,83,80.5,82.5,77.5,85.5,75,68.5,35.5,82,16,68,10
325,2013,93447,Robert Lewandowski,21-Aug-88,185.42,174,85,59,85.16666667,82.83333333,80.16666667,82.16666667,82,33,43,86,82.16666667,82,77.83333333,85,74,77.66666667,37.33333333,86,18.66666667,73.5,10
375,2014,93447,Robert Lewandowski,21-Aug-88,185.42,174,86.22222222,61.33333333,87,83,82.22222222,83.88888889,82,48.55555556,62.55555556,86.22222222,80.44444444,81.11111111,79.55555556,83.88888889,75.33333333,79.77777778,38.88888889,86.22222222,23.88888889,74.22222222,10
425,2015,93447,Robert Lewandowski,21-Aug-88,185.42,174,87,62,88,83,82.5,84,82,68,65.33333333,87,79,81,79.5,83,77,80,39,87,25,77,10
465,2016,93447,Robert Lewandowski,21-Aug-88,185.42,174,87.5,62,89,83,82,84.5,83,68,65,87,79,81,78,83,79,80,39,87.5,25,77,10
27,2007,37436,Santi Cazorla,13-Dec-84,167.64,146,72,67,71,35,74,72.5,67,67,67,67,78,80,64,68,76,55,64,69,65.5,66,19
76,2008,37436,Santi Cazorla,13-Dec-84,167.64,146,80,75,71,58,83,81,67,70,75,83,81,81,64,68,78,55,78,79,70,80,24
120,2009,37436,Santi Cazorla,13-Dec-84,167.64,146,80.5,82,71,58,83,81,67,70,75,83,83.5,83,64,68,78,55,74,79,24,80,24
167,2010,37436,Santi Cazorla,13-Dec-84,167.64,146,81,82,71,58,83,81,67,70,75,83,86,85,64,68,78,55,44,79,20,69,15
215,2011,37436,Santi Cazorla,13-Dec-84,167.64,146,83.5,82,72.5,58,83.5,85.5,67,75,76.5,85,86,82,82.5,68.5,77.5,55,44,81,20,69,15
264,2012,37436,Santi Cazorla,13-Dec-84,167.64,146,84,82.5,74,58,84.5,87,67,85.5,80.5,85,83.5,77,91,69,76,55,44,81,20,72,15
313,2013,37436,Santi Cazorla,13-Dec-84,167.64,146,84.6,83,75.4,58,86,86.1,67,86.3,84,85.7,82,75,91,69.6,76,55,52,81.1,20.6,75,15
363,2014,37436,Santi Cazorla,13-Dec-84,167.64,146,84.07692308,83,77,58,86,86.53846154,67,81.07692308,84,86,79.46153846,71.38461538,91,71,65.84615385,55,36.30769231,81.92307692,22,75.38461538,15
413,2015,37436,Santi Cazorla,13-Dec-84,167.64,146,84.6,83.8,77,54,86,87,67,78,84,86,79,68,91,71,66.4,56.8,45.2,82,38.8,80,15
457,2016,37436,Santi Cazorla,13-Dec-84,167.64,146,85,85,77,58,86,86,72,78,84,87,77,66,91,71,72,64,55,82,56,80,15
26,2007,37412,Sergio Aguero,2-Jun-88,172.72,163,80,74,78,60,81,88,87,76,67.5,87,85,86,79,64,62.5,45,71,82,19,72,15.5
75,2008,37412,Sergio Aguero,2-Jun-88,172.72,163,83.5,74,86.5,64,80.5,90.5,87,74.5,72.5,89,87.5,86,79,64,67,43,65.5,81,25,78,25
119,2009,37412,Sergio Aguero,2-Jun-88,172.72,163,83.5,74,89,64.5,83,93,87,61,71,91,91,86,79,64,71,39.5,71,85,25,88,25
166,2010,37412,Sergio Aguero,2-Jun-88,172.72,163,84,72,88,70.5,81.5,92.5,87,66.5,67,90.5,90.5,85.5,79,64,68.5,47.5,47.5,86,19,82.5,19.5
214,2011,37412,Sergio Aguero,2-Jun-88,172.72,163,85.5,70,88,74,82,93,87,72,63,90,92.5,85,84.5,72,67,57,24,87,13,76,14
263,2012,37412,Sergio Aguero,2-Jun-88,172.72,163,87,70,89,72,82,93,87,72,63,90,93,85,90,76,66.5,57,24,87,13,76,14
312,2013,37412,Sergio Aguero,2-Jun-88,172.72,163,87.4,70,89.8,71.4,82,91,86.2,72,63,90,93,85,90,76,66,57,24,87,15.4,86,14
362,2014,37412,Sergio Aguero,2-Jun-88,172.72,163,87.1,70,89.8,68.8,83.6,89.4,85.4,72,63,89.1,92.4,84.4,90,76,66.7,57,24,87.1,25,86,14
412,2015,37412,Sergio Aguero,2-Jun-88,172.72,163,87,70,90,68,82.6,89,85,72,63,89,92,84.8,90,76,70,57,24,89.2,20.2,83.6,14
456,2016,37412,Sergio Aguero,2-Jun-88,172.72,163,88,70,90,68,79,89,85,72,63,89,92,86,90,77.33333333,74,57,24,91,13,83,14
44,2007,154257,Sergio Busquets,16-Jul-88,187.96,168,60,62,34,43,66,66,44,28,62,67,66,56,78,73,61,61,41,59,49,55,22
92,2008,154257,Sergio Busquets,16-Jul-88,187.96,168,60,62,34,43,66,66,44,28,62,67,66,56,78,73,61,61,41,59,49,55,22
136,2009,154257,Sergio Busquets,16-Jul-88,187.96,168,72,72,61.5,61,83.5,66.5,44,48,69.5,75.5,72,68.5,78,73,72.5,73.5,83,68,65.5,65,22
183,2010,154257,Sergio Busquets,16-Jul-88,187.96,168,79.5,75,60,67,86,76,44,68,77.5,81,70.5,71,78,73,77.5,83.5,85.5,79.5,75,70,17.5
231,2011,154257,Sergio Busquets,16-Jul-88,187.96,168,82,74,60,70,84.5,76,44,68,78,83.5,61.5,66,67.5,67.5,80.5,83,85.5,77,77,60,13
280,2012,154257,Sergio Busquets,16-Jul-88,187.96,168,85,62,60,70,85,74,44,68,78,83,63,61.5,57,66,86,86,86,77,78,60,13
330,2013,154257,Sergio Busquets,16-Jul-88,187.96,168,85,62,60,70,85,74,44,68,78.16666667,83.16666667,59,54,57,66,86,86,86,77,78.16666667,60,13
380,2014,154257,Sergio Busquets,16-Jul-88,187.96,168,85,62,60,70,84.33333333,74,44,68,78,83,59,54,55,66,86,86,88,77,78,60,13
430,2015,154257,Sergio Busquets,16-Jul-88,187.96,168,85.6,62,60,70,84.2,74,44,68,78.6,83,56.8,51.6,55,66,86.4,86,87.4,77,81,60,13
470,2016,154257,Sergio Busquets,16-Jul-88,187.96,168,86,62,60,70,89,74,44,68,79,82,54,48,55,66,88,86,87,77,83,60,13
17,2007,30962,Sergio Ramos,30-Mar-86,182.88,165,85.5,57.5,32,84,76,69,55,66.5,59,77,81,84.5,83,91,84.5,81.5,82,84,89,74,16.5
66,2008,30962,Sergio Ramos,30-Mar-86,182.88,165,85,75,51,89,79,78,55,72,68,82,85,87,83,91,86,84,77,84,87,76,20
110,2009,30962,Sergio Ramos,30-Mar-86,182.88,165,84.5,77,51,89,78,78,55,67,70,82,82.5,81.5,83,91,82,85.5,72,84,85,76,20
157,2010,30962,Sergio Ramos,30-Mar-86,182.88,165,85,79,55,89,77.5,78,55,62,70,82.5,85,84.5,83,91,84,87,77.5,75,85,61,15.5
205,2011,30962,Sergio Ramos,30-Mar-86,182.88,165,84.5,76,59,88.5,77.5,76.5,55,62,70,83,82.5,84,71.5,92,79,86,86.5,65.5,84,46,11
254,2012,30962,Sergio Ramos,30-Mar-86,182.88,165,87,74,59,89,78,70.5,55,62,70,83,80.5,81.5,60,93,86,85,87,59,84,56,11
303,2013,30962,Sergio Ramos,30-Mar-86,182.88,165,86,74,59,87,77,66,55,62,70,82.5,80,79,60,92,85,83.5,86.5,52,82.5,66,11
353,2014,30962,Sergio Ramos,30-Mar-86,182.88,165,87,74,59,86,76,52,55,64,70,83,79,79,60,91,82,83,87,52,85,68,11
403,2015,30962,Sergio Ramos,30-Mar-86,182.88,165,87,74,60,86,76,57,66,68,70,83,78,79,60,91,83.5,83,88,52,85,68,11
450,2016,30962,Sergio Ramos,30-Mar-86,182.88,165,87,74,60,86,76,57,66,68,70,83,78,79,60,91,86,83,88,52,85,68,11
38,2007,80562,Thiago Silva,22-Sep-84,182.88,174,71.5,26,34,72,63.5,37.5,59,44.5,41.5,47,66.5,70,80,84,76,69.5,68,81,72.5,60,18.5
86,2008,80562,Thiago Silva,22-Sep-84,182.88,174,75,32,34,76,68,49,59,42,36,56,71,72,80,84,77,72,68,81,79,73,21
130,2009,80562,Thiago Silva,22-Sep-84,182.88,174,77,32,33,77,68,49.5,59,57.5,36,65.5,77.5,78,80,84,79.5,73.5,71.5,80.5,80.5,75.5,21
177,2010,80562,Thiago Silva,22-Sep-84,182.88,174,82,37,39,83,68.5,59,59,73,53.5,76.5,84.5,85,80,84,81.5,77.5,82,74,83,68,15.5
225,2011,80562,Thiago Silva,22-Sep-84,182.88,174,85.5,63,39,84,76.5,66.5,69,72,77.5,77,82,84,71.5,87,80,80,87,59,87,63.5,10
274,2012,80562,Thiago Silva,22-Sep-84,182.88,174,87,67.5,38,82.5,78.5,66,69,73,80,78,82,83.5,68,84.5,78.5,80,90.5,59,90.5,71,10
324,2013,80562,Thiago Silva,22-Sep-84,182.88,174,86.75,65.25,38,81.5,77.75,67.5,67.5,73,80.5,80,80.5,81.75,68,81.75,77.75,77.75,91,59,91,71,10
374,2014,80562,Thiago Silva,22-Sep-84,182.88,174,87.6,60,38,81,76.2,68,63,73,81,79.8,77.4,80.6,68,90,78.2,76.6,91,59,90.6,71,10
424,2015,80562,Thiago Silva,22-Sep-84,182.88,174,87,60,38,81.75,77,68,63,73,81,79,74.25,79,68,90.75,78.5,75.5,91,59,88.25,71,10
47,2007,170323,Thibaut Courtois,11-May-92,198.12,194,57,24,24,36,38,27,26,21,49,22,59,48,39,68,52,23,58,37,31,39,63
138,2009,170323,Thibaut Courtois,11-May-92,198.12,194,57,24,24,36,38,27,26,21,49,22,59,48,39,68,52,23,58,37,31,39,63
186,2010,170323,Thibaut Courtois,11-May-92,198.12,194,58.5,24,24,36,38,27,26,21,48,20,59,48,39,68,52,23,41,25,16.5,33,64.5
234,2011,170323,Thibaut Courtois,11-May-92,198.12,194,70.5,14,14,18.5,35,13,12,11,36,25.5,59,58,47,71,54,23,19.5,13,11,27,77.5
283,2012,170323,Thibaut Courtois,11-May-92,198.12,194,77.5,14,14,13,32,13,12,11,31,23,55,58,45,71,56,23,15,13,11,27,81.5
333,2013,170323,Thibaut Courtois,11-May-92,198.12,194,82.88888889,15.22222222,15.22222222,14.33333333,32,14.33333333,13.44444444,12.55555556,31,23,50.44444444,56.44444444,45,70.66666667,47.77777778,23,16.11111111,14.33333333,12.55555556,27,83.77777778
383,2014,170323,Thibaut Courtois,11-May-92,198.12,194,85,25,25,25,32,25,25,25,31,23,46,52,45,68,38,23,25,25,25,27,88
433,2015,170323,Thibaut Courtois,11-May-92,198.12,194,86,14,14,13,32,13,12,11,31,23,46,52,45,68,38,23,15,13,11,27,88
42,2007,116772,Thomas Mueller,13-Sep-89,185.42,165,63,45,64,62,54,61,79,57,41,57,81,78,70,68,53,37,51,50,22,53,22
90,2008,116772,Thomas Mueller,13-Sep-89,185.42,165,63,45,64,62,54,61,79,57,41,57,81,78,70,68,53,37,51,50,22,53,22
134,2009,116772,Thomas Mueller,13-Sep-89,185.42,165,66,45,69,62.5,55,63,79,57,41,61,81,78,70,68,54.5,38,52.5,51,22,55,22
181,2010,116772,Thomas Mueller,13-Sep-89,185.42,165,77.5,69,82,69.5,75,76,79,58.5,62.5,76.5,81,80,70,68,77.5,53,51,80.5,17,61.5,18
229,2011,116772,Thomas Mueller,13-Sep-89,185.42,165,82,70,86,75,78,78,83.5,60,66,79,81.5,83,72,68.5,81.5,57,41,86,12,66,14
278,2012,116772,Thomas Mueller,13-Sep-89,185.42,165,83.5,78,84,76,84,79,83.5,60,68,82.5,83,85,74,69,87,57,46,88.5,12,68,14
328,2013,116772,Thomas Mueller,13-Sep-89,185.42,165,84.6,82.8,85.6,78.2,84.6,79,84,60,73.2,83,82.4,83.2,74,70.8,88,57,47.6,89.2,19.8,75.8,14
378,2014,116772,Thomas Mueller,13-Sep-89,185.42,165,85.16666667,83.16666667,86.83333333,79.16666667,85,78.83333333,83.83333333,60,74.5,82.83333333,81.5,82.16666667,73.83333333,73.5,88.33333333,57,49.66666667,90.66666667,26.16666667,85.16666667,14
428,2015,116772,Thomas Mueller,13-Sep-89,185.42,165,86,82,88.4,80.8,84.2,78,83,59.6,77,81.6,77.8,81,73,81,90,57,58,94,32,89.4,14
468,2016,116772,Thomas Mueller,13-Sep-89,185.42,165,86,79,89,82,83,78,83,59,77,81,76,78,73,81,90,57,58,94,32,87.33333333,14
40,2007,95078,Toni Kroos,4-Jan-90,182.88,172,64,57,57,51,67,68,81,64,50,74,63,69,72,66,51,21,38,43,21,29,21
88,2008,95078,Toni Kroos,4-Jan-90,182.88,172,75,80,71,45,84,77,81,79,70,82,56,74,72,66,65,43,68,71,24,69,21
132,2009,95078,Toni Kroos,4-Jan-90,182.88,172,75,80,71,45,84,77,81,79,70,82,59,74,72,66,67,43,70,71,24,69,21
179,2010,95078,Toni Kroos,4-Jan-90,182.88,172,79.5,83,73.5,48,85,78.5,81,80,79,83,66,73.5,72,66,72,44,66,80,19.5,71.5,15.5
227,2011,95078,Toni Kroos,4-Jan-90,182.88,172,80.5,85,73.5,49,86,78,81,80,81,83,62.5,66,74,60,71.5,45,58,79,32.5,70,10
276,2012,95078,Toni Kroos,4-Jan-90,182.88,172,83.5,86,73,52,86,81.5,82,81,83,85,54.5,56,76,54,73,53,66,78,36,73,10
326,2013,95078,Toni Kroos,4-Jan-90,182.88,172,84,86,75.14285714,49.71428571,86,83,83,83,85,87,61.42857143,52.71428571,77.42857143,54,74,53,65.85714286,78,36,73,10
376,2014,95078,Toni Kroos,4-Jan-90,182.88,172,84.6,86,76,51.6,89.4,83,83.6,83,89.2,86,62.6,53.6,78,54,74.6,53.6,69.2,75.6,47.2,73,10
426,2015,95078,Toni Kroos,4-Jan-90,182.88,172,86.2,85.4,76,54,89.4,82.6,82.8,83,90.4,85.6,60.8,52.8,68.4,54,76,54,74.4,75.6,60,73,10
466,2016,95078,Toni Kroos,4-Jan-90,182.88,172,87,85,76,54,89,83,82,83,90,86,59,52,62,54,76,54,76,76,60,73,10
9,2007,30829,Wayne Rooney,24-Oct-85,175.26,183,91.5,75.5,91.5,64,85,89,89,82.5,71.5,91,90,87.5,89,79,91,95,78,83,28,83,16.5
58,2008,30829,Wayne Rooney,24-Oct-85,175.26,183,87,76,91,60,88,85,89,80,75,93,87,85,89,79,79,94,75,86,23,88,21
102,2009,30829,Wayne Rooney,24-Oct-85,175.26,183,87,81,91,73,88,86,89,80,80,92,86,83,89,79,87,94,80,84,26,88,21
149,2010,30829,Wayne Rooney,24-Oct-85,175.26,183,88.5,80,93,82.5,87.5,85.5,89,80,85,91,85.5,85.5,89,79,86.5,93,69.5,90,45,87,14
197,2011,30829,Wayne Rooney,24-Oct-85,175.26,183,88.5,79,91,81.5,83.5,84,89,78.5,81.5,88,83.5,84.5,81,79,88,92,49,91,42.5,86,7
246,2012,30829,Wayne Rooney,24-Oct-85,175.26,183,89.5,79,90,80,84,83,89,82,84,87.5,79,82.5,73,79.5,89,92,43,91,32,85,7
295,2013,30829,Wayne Rooney,24-Oct-85,175.26,183,87.25,79,87.16666667,80,84,83,89,76.5,84.5,86,75.75,78.5,76.33333333,80,88.08333333,89.66666667,40,87.75,29.75,81,7
345,2014,30829,Wayne Rooney,24-Oct-85,175.26,183,86.5,78.16666667,86.5,80,81.5,82,89,79.83333333,85,85.5,74.5,78,77,80,89,89,39,85.5,29,81,7
395,2015,30829,Wayne Rooney,24-Oct-85,175.26,183,85.8,78,86,80,80,79.6,88.6,84,85,84.6,73.2,75.4,77,80.6,88.2,89,48,86.2,29,81,7
444,2016,30829,Wayne Rooney,24-Oct-85,175.26,183,85,78,85,80,80,79,86,84,85,83,72,74,77,81,87,89,54,87,29,81,7
31,2007,39854,Xavi Hernandez,25-Jan-80,170.18,148,85.5,82,72,70,92,81,70,84,91,86,83,79,82,55,82,66,87,86,63.5,82,14.5
80,2008,39854,Xavi Hernandez,25-Jan-80,170.18,148,87,87,76,63,95,87,70,86,93,94,79,78,82,55,87,59,87,89,53,88,23
124,2009,39854,Xavi Hernandez,25-Jan-80,170.18,148,87,93,76,59,95,85,70,87,93,95,79,78,82,55,87,59,93,89,53,93,23
171,2010,39854,Xavi Hernandez,25-Jan-80,170.18,148,87,92,75,59,95.5,85.5,70,87,93,95,75,76,82,55,85,59,84,90,56,88,16
219,2011,39854,Xavi Hernandez,25-Jan-80,170.18,148,89.5,88,70.5,55,97,84.5,69.5,87,93,95,69.5,70,86,54,82.5,56,74.5,92.5,57,75,9
268,2012,39854,Xavi Hernandez,25-Jan-80,170.18,148,90.5,85,72,51,97,83,67.5,87,93,95,67.5,65.5,90,53,76,53,74,91,55,75,9
317,2013,39854,Xavi Hernandez,25-Jan-80,170.18,148,89.75,85,74,51,96.75,82.75,66,87,92.75,94.75,67,65,90,53,71.75,53,73.75,87.75,55,75,9
367,2014,39854,Xavi Hernandez,25-Jan-80,170.18,148,86.4,85,74,51,95,80.2,66,87,90.2,93,67,65,90,53,62,53,71,83.2,55,75,9
417,2015,39854,Xavi Hernandez,25-Jan-80,170.18,148,86,85,74,51,93,80,66,87,90,93,67,65,90,53,60,53,71,83,55,75,9
25,2007,36615,Yaya Toure,13-May-83,187.96,198,78.5,72,68.5,70.5,79,75,68,66,76,76.5,79.5,75.5,82,81,89,79,78,71,71,71.5,15
74,2008,36615,Yaya Toure,13-May-83,187.96,198,81,76,69,77,81,75,68,65,79,82,82,80,82,81,89,81,83,80,77,76,20
118,2009,36615,Yaya Toure,13-May-83,187.96,198,83,65,53,78,85,79,68,65,77,82,73,77,82,81,85,84,85,84,80,76,20
165,2010,36615,Yaya Toure,13-May-83,187.96,198,83,65,53,78,85,79,68,65,77,82,70,75,82,81,83,84,84,62,80,66,8
213,2011,36615,Yaya Toure,13-May-83,187.96,198,84,67,60.5,79,86,81.5,68,65,79,83,75,81,69.5,80,89,84,81,77.5,76,66,8
262,2012,36615,Yaya Toure,13-May-83,187.96,198,85.5,67,68,80.5,86,80,68,65,81,83,74.5,78.5,65,79,93,86,82,78,76,66,8
311,2013,36615,Yaya Toure,13-May-83,187.96,198,86,67,69.81818182,82,86,80,68,75.63636364,83,83,73.45454545,79,65,79,93,86,81.81818182,78.09090909,76,73.72727273,8
361,2014,36615,Yaya Toure,13-May-83,187.96,198,86,67,77.6,81.2,86,80.9,68,85,83,83.6,73,78.7,63.2,79,93,86,81,80.6,72.4,79.4,8
411,2015,36615,Yaya Toure,13-May-83,187.96,198,85.4,67,82,74,86,81,68,85,83,83,71.6,78.8,57.4,71.6,90.2,79.6,74.4,81,63,83.2,8
455,2016,36615,Yaya Toure,13-May-83,187.96,198,85,67,82,74,86,81,68,85,83,83,69,79,55,65,86,78,66,81,63,85,8
21,2007,35724,Zlatan Ibrahimovic,3-Oct-81,195.58,209,87,57,88,91,71,89,90,79,36,89,78,86,90,78,68,80,72,72,19.5,72,15
70,2008,35724,Zlatan Ibrahimovic,3-Oct-81,195.58,209,88,62.5,90.5,90.5,83,93,90,86.5,50.5,92,80,83.5,90,78,69,74.5,75.5,80.5,24,81.5,24
114,2009,35724,Zlatan Ibrahimovic,3-Oct-81,195.58,209,88.5,71.5,91,85,89,93.5,90,85,67,94.5,82,81,90,78,74.5,69,79,89,24,91,24
161,2010,35724,Zlatan Ibrahimovic,3-Oct-81,195.58,209,86.5,74.5,89,75,87,91,90,83,72.5,93.5,80.5,81.5,90,78,73.5,71.5,50,83.5,19.5,89,18
209,2011,35724,Zlatan Ibrahimovic,3-Oct-81,195.58,209,87,76,88.5,78.5,85,89,89.5,80,71.5,91.5,77.5,81,60.5,85.5,81,79.5,20,84,15,89,12
258,2012,35724,Zlatan Ibrahimovic,3-Oct-81,195.58,209,88,76.5,89.5,75,86.5,88,89.5,81,71.5,92,75,79,33.5,80.5,79.5,84,20,81.5,15,91,12
307,2013,35724,Zlatan Ibrahimovic,3-Oct-81,195.58,209,89,76,91,76,86,88,89,80,72,90,72.66666667,78.33333333,38.66666667,72,78,84,20,83,21.66666667,91.66666667,12
357,2014,35724,Zlatan Ibrahimovic,3-Oct-81,195.58,209,89.75,76,91,76,85,88,90.5,80,74,90.25,73,77.5,41,72,78,84,20,85.75,25,91,12
407,2015,35724,Zlatan Ibrahimovic,3-Oct-81,195.58,209,89,76,90,76,84,87,92,80,76,90,73,75.5,41,72,76.5,84,20,86,20,91,12
